ID,Start time,Completion time,Email,Name,Last modified time,Last name,First name,9 AM - 10 AM,10 AM -11 AM,11 AM -12 PM,12 PM -1 PM,1 PM - 2 PM,2 PM - 3 PM,3 PM - 4 PM,4 PM - 5 PM,5 PM - 6 PM,6 PM - 7 PM,7 PM - 8 PM,8 PM - 9 PM,9 AM - 10 AM2,10 AM -11 AM2,11 AM -12 PM2,12 PM -1 PM2,1 PM - 2 PM2,2 PM - 3 PM2,3 PM - 4 PM2,4 PM - 5 PM2,5 PM - 6 PM2,6 PM - 7 PM2,7 PM - 8 PM2,8 PM - 9 PM2,9 AM - 10 AM3,10 AM -11 AM3,11 AM -12 PM3,12 PM -1 PM3,1 PM - 2 PM3,2 PM - 3 PM3,3 PM - 4 PM3,4 PM - 5 PM3,5 PM - 6 PM3,6 PM - 7 PM3,7 PM - 8 PM3,8 PM - 9 PM3,9 AM - 10 AM4,10 AM -11 AM4,11 AM -12 PM4,12 PM -1 PM4,1 PM - 2 PM4,2 PM - 3 PM4,3 PM - 4 PM4,4 PM - 5 PM4,5 PM - 6 PM4,6 PM - 7 PM4,7 PM - 8 PM4,8 PM - 9 PM4,9 AM - 10 AM5,10 AM -11 AM5,11 AM -12 PM5,12 PM -1 PM5,1 PM - 2 PM5,2 PM - 3 PM5,3 PM - 4 PM5,4 PM - 5 PM5,12 PM -1 PM6,1 PM - 2 PM6,2 PM - 3 PM6,3 PM - 4 PM6,4 PM - 5 PM6,12 PM -1 PM7,1 PM - 2 PM7,2 PM - 3 PM7,3 PM - 4 PM7,4 PM - 5 PM7,5 PM - 6 PM3
1,,,student1@email.com,Student 1,,L1,F1,MUST-HAVE,MUST-HAVE,UNAVAILABLE,UNAVAILABLE,AVAILABLE,AVAILABLE,AVAILABLE,UNAVAILABLE,UNAVAILABLE,AVAILABLE,UNAVAILABLE,AVAILABLE,AVAILABLE,UNAVAILABLE,UNAVAILABLE,AVAILABLE,UNAVAILABLE,UNAVAILABLE,UNAVAILABLE,AVAILABLE,AVAILABLE,AVAILABLE,AVAILABLE,AVAILABLE,AVAILABLE,AVAILABLE,UNAVAILABLE,AVAILABLE,AVAILABLE,AVAILABLE,AVAILABLE,AVAILABLE,UNAVAILABLE,AVAILABLE,UNAVAILABLE,AVAILABLE,UNAVAILABLE,UNAVAILABLE,AVAILABLE,AVAILABLE,AVAILABLE,AVAILABLE,UNAVAILABLE,UNAVAILABLE,AVAILABLE,UNAVAILABLE,AVAILABLE,AVAILABLE,UNAVAILABLE,AVAILABLE,UNAVAILABLE,AVAILABLE,AVAILABLE,AVAILABLE,AVAILABLE,AVAILABLE,AVAILABLE,AVAILABLE,AVAILABLE,AVAILABLE,AVAILABLE,AVAILABLE,AVAILABLE,AVAILABLE,AVAILABLE,AVAILABLE,AVAILABLE
2,,,student2@email.com,Student 2,,L2,F2,AVAILABLE,AVAILABLE,AVAILABLE,UNAVAILABLE,AVAILABLE,AVAILABLE,UNAVAILABLE,UNAVAILABLE,UNAVAILABLE,AVAILABLE,UNAVAILABLE,AVAILABLE,MUST-HAVE,AVAILABLE,AVAILABLE,MUST-HAVE,AVAILABLE,UNAVAILABLE,UNAVAILABLE,UNAVAILABLE,UNAVAILABLE,UNAVAILABLE,UNAVAILABLE,AVAILABLE,AVAILABLE,UNAVAILABLE,AVAILABLE,AVAILABLE,AVAILABLE,AVAILABLE,AVAILABLE,AVAILABLE,UNAVAILABLE,AVAILABLE,UNAVAILABLE,UNAVAILABLE,AVAILABLE,AVAILABLE,UNAVAILABLE,AVAILABLE,UNAVAILABLE,AVAILABLE,AVAILABLE,UNAVAILABLE,UNAVAILABLE,UNAVAILABLE,AVAILABLE,AVAILABLE,AVAILABLE,AVAILABLE,AVAILABLE,AVAILABLE,AVAILABLE,AVAILABLE,AVAILABLE,AVAILABLE,AVAILABLE,AVAILABLE,AVAILABLE,AVAILABLE,AVAILABLE,AVAILABLE,AVAILABLE,AVAILABLE,AVAILABLE,AVAILABLE,AVAILABLE
3,,,student3@email.com,Student 3,,L3,F3,AVAILABLE,AVAILABLE,UNAVAILABLE,UNAVAILABLE,MUST-HAVE,AVAILABLE,UNAVAILABLE,AVAILABLE,AVAILABLE,MUST-HAVE,AVAILABLE,UNAVAILABLE,AVAILABLE,UNAVAILABLE,AVAILABLE,AVAILABLE,UNAVAILABLE,UNAVAILABLE,AVAILABLE,UNAVAILABLE,AVAILABLE,UNAVAILABLE,UNAVAILABLE,UNAVAILABLE,UNAVAILABLE,AVAILABLE,AVAILABLE,UNAVAILABLE,AVAILABLE,AVAILABLE,UNAVAILABLE,AVAILABLE,UNAVAILABLE,UNAVAILABLE,AVAILABLE,UNAVAILABLE,UNAVAILABLE,AVAILABLE,AVAILABLE,AVAILABLE,AVAILABLE,UNAVAILABLE,AVAILABLE,AVAILABLE,AVAILABLE,AVAILABLE,AVAILABLE,UNAVAILABLE,AVAILABLE,AVAILABLE,AVAILABLE,AVAILABLE,AVAILABLE,AVAILABLE,AVAILABLE,AVAILABLE,AVAILABLE,AVAILABLE,AVAILABLE,AVAILABLE,AVAILABLE,AVAILABLE,AVAILABLE,AVAILABLE,AVAILABLE,AVAILABLE,AVAILABLE
4,,,student4@email.com,Student 4,,L4,F4,AVAILABLE,AVAILABLE,UNAVAILABLE,AVAILABLE,AVAILABLE,AVAILABLE,UNAVAILABLE,AVAILABLE,AVAILABLE,UNAVAILABLE,UNAVAILABLE,UNAVAILABLE,UNAVAILABLE,AVAILABLE,AVAILABLE,AVAILABLE,AVAILABLE,AVAILABLE,UNAVAILABLE,UNAVAILABLE,UNAVAILABLE,UNAVAILABLE,AVAILABLE,UNAVAILABLE,AVAILABLE,UNAVAILABLE,AVAILABLE,AVAILABLE,AVAILABLE,AVAILABLE,UNAVAILABLE,UNAVAILABLE,UNAVAILABLE,AVAILABLE,AVAILABLE,UNAVAILABLE,AVAILABLE,UNAVAILABLE,AVAILABLE,AVAILABLE,AVAILABLE,UNAVAILABLE,UNAVAILABLE,UNAVAILABLE,AVAILABLE,AVAILABLE,AVAILABLE,AVAILABLE,AVAILABLE,AVAILABLE,AVAILABLE,AVAILABLE,AVAILABLE,AVAILABLE,AVAILABLE,AVAILABLE,AVAILABLE,AVAILABLE,AVAILABLE,AVAILABLE,AVAILABLE,AVAILABLE,AVAILABLE,AVAILABLE,AVAILABLE,AVAILABLE,AVAILABLE
5,,,student5@email.com,Student 5,,L5,F5,AVAILABLE,AVAILABLE,UNAVAILABLE,UNAVAILABLE,AVAILABLE,AVAILABLE,UNAVAILABLE,AVAILABLE,AVAILABLE,UNAVAILABLE,AVAILABLE,AVAILABLE,UNAVAILABLE,UNAVAILABLE,UNAVAILABLE,AVAILABLE,UNAVAILABLE,AVAILABLE,UNAVAILABLE,UNAVAILABLE,UNAVAILABLE,UNAVAILABLE,AVAILABLE,AVAILABLE,AVAILABLE,UNAVAILABLE,UNAVAILABLE,UNAVAILABLE,AVAILABLE,AVAILABLE,AVAILABLE,UNAVAILABLE,AVAILABLE,UNAVAILABLE,AVAILABLE,UNAVAILABLE,UNAVAILABLE,AVAILABLE,AVAILABLE,UNAVAILABLE,AVAILABLE,AVAILABLE,AVAILABLE,AVAILABLE,AVAILABLE,AVAILABLE,AVAILABLE,AVAILABLE,AVAILABLE,AVAILABLE,AVAILABLE,AVAILABLE,AVAILABLE,AVAILABLE,AVAILABLE,AVAILABLE,AVAILABLE,AVAILABLE,AVAILABLE,AVAILABLE,AVAILABLE,AVAILABLE,AVAILABLE,AVAILABLE,AVAILABLE,AVAILABLE,AVAILABLE
6,,,student6@email.com,Student 6,,L6,F6,AVAILABLE,AVAILABLE,AVAILABLE,UNAVAILABLE,UNAVAILABLE,AVAILABLE,AVAILABLE,UNAVAILABLE,UNAVAILABLE,UNAVAILABLE,AVAILABLE,AVAILABLE,UNAVAILABLE,UNAVAILABLE,AVAILABLE,AVAILABLE,AVAILABLE,UNAVAILABLE,AVAILABLE,UNAVAILABLE,AVAILABLE,AVAILABLE,UNAVAILABLE,UNAVAILABLE,UNAVAILABLE,AVAILABLE,UNAVAILABLE,UNAVAILABLE,AVAILABLE,UNAVAILABLE,AVAILABLE,UNAVAILABLE,UNAVAILABLE,UNAVAILABLE,AVAILABLE,UNAVAILABLE,UNAVAILABLE,AVAILABLE,AVAILABLE,AVAILABLE,AVAILABLE,AVAILABLE,AVAILABLE,AVAILABLE,AVAILABLE,AVAILABLE,AVAILABLE,AVAILABLE,AVAILABLE,AVAILABLE,AVAILABLE,AVAILABLE,AVAILABLE,AVAILABLE,AVAILABLE,AVAILABLE,AVAILABLE,AVAILABLE,AVAILABLE,AVAILABLE,AVAILABLE,AVAILABLE,AVAILABLE,AVAILABLE,AVAILABLE,AVAILABLE,AVAILABLE
7,,,student7@email.com,Student 7,,L7,F7,UNAVAILABLE,AVAILABLE,AVAILABLE,AVAILABLE,AVAILABLE,UNAVAILABLE,AVAILABLE,AVAILABLE,UNAVAILABLE,UNAVAILABLE,AVAILABLE,AVAILABLE,UNAVAILABLE,UNAVAILABLE,UNAVAILABLE,AVAILABLE,UNAVAILABLE,AVAILABLE,UNAVAILABLE,AVAILABLE,AVAILABLE,UNAVAILABLE,UNAVAILABLE,UNAVAILABLE,AVAILABLE,AVAILABLE,AVAILABLE,AVAILABLE,UNAVAILABLE,AVAILABLE,UNAVAILABLE,AVAILABLE,AVAILABLE,AVAILABLE,AVAILABLE,AVAILABLE,AVAILABLE,AVAILABLE,AVAILABLE,AVAILABLE,UNAVAILABLE,AVAILABLE,UNAVAILABLE,AVAILABLE,UNAVAILABLE,AVAILABLE,UNAVAILABLE,AVAILABLE,AVAILABLE,UNAVAILABLE,AVAILABLE,UNAVAILABLE,AVAILABLE,AVAILABLE,AVAILABLE,AVAILABLE,AVAILABLE,AVAILABLE,AVAILABLE,AVAILABLE,AVAILABLE,AVAILABLE,AVAILABLE,AVAILABLE,AVAILABLE,AVAILABLE,AVAILABLE
8,,,student8@email.com,Student 8,,L8,F8,AVAILABLE,AVAILABLE,AVAILABLE,UNAVAILABLE,UNAVAILABLE,UNAVAILABLE,UNAVAILABLE,AVAILABLE,AVAILABLE,UNAVAILABLE,AVAILABLE,AVAILABLE,AVAILABLE,AVAILABLE,AVAILABLE,UNAVAILABLE,AVAILABLE,AVAILABLE,UNAVAILABLE,AVAILABLE,UNAVAILABLE,AVAILABLE,UNAVAILABLE,AVAILABLE,UNAVAILABLE,UNAVAILABLE,UNAVAILABLE,UNAVAILABLE,AVAILABLE,UNAVAILABLE,AVAILABLE,UNAVAILABLE,UNAVAILABLE,AVAILABLE,AVAILABLE,UNAVAILABLE,AVAILABLE,AVAILABLE,UNAVAILABLE,AVAILABLE,UNAVAILABLE,AVAILABLE,UNAVAILABLE,AVAILABLE,AVAILABLE,AVAILABLE,AVAILABLE,AVAILABLE,AVAILABLE,AVAILABLE,AVAILABLE,AVAILABLE,AVAILABLE,AVAILABLE,AVAILABLE,AVAILABLE,AVAILABLE,AVAILABLE,AVAILABLE,AVAILABLE,AVAILABLE,AVAILABLE,AVAILABLE,AVAILABLE,AVAILABLE,AVAILABLE,AVAILABLE
9,,,student9@email.com,Student 9,,L9,F9,AVAILABLE,UNAVAILABLE,UNAVAILABLE,AVAILABLE,AVAILABLE,UNAVAILABLE,AVAILABLE,AVAILABLE,UNAVAILABLE,AVAILABLE,UNAVAILABLE,UNAVAILABLE,UNAVAILABLE,UNAVAILABLE,UNAVAILABLE,AVAILABLE,UNAVAILABLE,UNAVAILABLE,AVAILABLE,UNAVAILABLE,AVAILABLE,AVAILABLE,AVAILABLE,AVAILABLE,AVAILABLE,UNAVAILABLE,UNAVAILABLE,UNAVAILABLE,AVAILABLE,AVAILABLE,UNAVAILABLE,UNAVAILABLE,AVAILABLE,AVAILABLE,AVAILABLE,UNAVAILABLE,AVAILABLE,UNAVAILABLE,UNAVAILABLE,AVAILABLE,AVAILABLE,AVAILABLE,AVAILABLE,AVAILABLE,AVAILABLE,AVAILABLE,AVAILABLE,AVAILABLE,AVAILABLE,AVAILABLE,AVAILABLE,AVAILABLE,AVAILABLE,AVAILABLE,AVAILABLE,AVAILABLE,AVAILABLE,AVAILABLE,AVAILABLE,AVAILABLE,AVAILABLE,AVAILABLE,AVAILABLE,AVAILABLE,AVAILABLE,AVAILABLE,AVAILABLE
10,,,student10@email.com,Student 10,,L10,F10,UNAVAILABLE,AVAILABLE,AVAILABLE,AVAILABLE,AVAILABLE,AVAILABLE,AVAILABLE,UNAVAILABLE,AVAILABLE,AVAILABLE,AVAILABLE,AVAILABLE,UNAVAILABLE,UNAVAILABLE,UNAVAILABLE,UNAVAILABLE,AVAILABLE,AVAILABLE,AVAILABLE,AVAILABLE,UNAVAILABLE,AVAILABLE,UNAVAILABLE,AVAILABLE,UNAVAILABLE,AVAILABLE,UNAVAILABLE,AVAILABLE,UNAVAILABLE,UNAVAILABLE,AVAILABLE,AVAILABLE,UNAVAILABLE,UNAVAILABLE,AVAILABLE,UNAVAILABLE,UNAVAILABLE,AVAILABLE,UNAVAILABLE,AVAILABLE,AVAILABLE,UNAVAILABLE,AVAILABLE,AVAILABLE,AVAILABLE,AVAILABLE,AVAILABLE,AVAILABLE,AVAILABLE,AVAILABLE,AVAILABLE,AVAILABLE,AVAILABLE,AVAILABLE,AVAILABLE,AVAILABLE,AVAILABLE,AVAILABLE,AVAILABLE,AVAILABLE,AVAILABLE,AVAILABLE,AVAILABLE,AVAILABLE,AVAILABLE,AVAILABLE,AVAILABLE
11,,,student11@email.com,Student 11,,L11,F11,UNAVAILABLE,UNAVAILABLE,UNAVAILABLE,UNAVAILABLE,UNAVAILABLE,AVAILABLE,UNAVAILABLE,AVAILABLE,UNAVAILABLE,AVAILABLE,AVAILABLE,AVAILABLE,AVAILABLE,AVAILABLE,AVAILABLE,AVAILABLE,AVAILABLE,AVAILABLE,UNAVAILABLE,AVAILABLE,AVAILABLE,UNAVAILABLE,UNAVAILABLE,AVAILABLE,AVAILABLE,UNAVAILABLE,AVAILABLE,UNAVAILABLE,AVAILABLE,UNAVAILABLE,AVAILABLE,UNAVAILABLE,UNAVAILABLE,AVAILABLE,AVAILABLE,AVAILABLE,AVAILABLE,AVAILABLE,AVAILABLE,AVAILABLE,AVAILABLE,AVAILABLE,AVAILABLE,AVAILABLE,AVAILABLE,AVAILABLE,AVAILABLE,AVAILABLE,AVAILABLE,AVAILABLE,AVAILABLE,AVAILABLE,AVAILABLE,AVAILABLE,AVAILABLE,AVAILABLE,AVAILABLE,AVAILABLE,AVAILABLE,AVAILABLE,AVAILABLE,AVAILABLE,AVAILABLE,AVAILABLE,AVAILABLE,AVAILABLE,AVAILABLE
12,,,student12@email.com,Student 12,,L12,F12,UNAVAILABLE,UNAVAILABLE,AVAILABLE,UNAVAILABLE,AVAILABLE,AVAILABLE,AVAILABLE,AVAILABLE,UNAVAILABLE,UNAVAILABLE,AVAILABLE,UNAVAILABLE,AVAILABLE,AVAILABLE,UNAVAILABLE,AVAILABLE,AVAILABLE,UNAVAILABLE,AVAILABLE,UNAVAILABLE,AVAILABLE,AVAILABLE,UNAVAILABLE,AVAILABLE,UNAVAILABLE,AVAILABLE,AVAILABLE,AVAILABLE,AVAILABLE,AVAILABLE,AVAILABLE,UNAVAILABLE,UNAVAILABLE,UNAVAILABLE,AVAILABLE,UNAVAILABLE,UNAVAILABLE,UNAVAILABLE,AVAILABLE,AVAILABLE,AVAILABLE,AVAILABLE,AVAILABLE,AVAILABLE,AVAILABLE,AVAILABLE,AVAILABLE,AVAILABLE,AVAILABLE,AVAILABLE,AVAILABLE,AVAILABLE,AVAILABLE,AVAILABLE,AVAILABLE,AVAILABLE,AVAILABLE,AVAILABLE,AVAILABLE,AVAILABLE,AVAILABLE,AVAILABLE,AVAILABLE,AVAILABLE,AVAILABLE,AVAILABLE,AVAILABLE
13,,,student13@email.com,Student 13,,L13,F13,AVAILABLE,UNAVAILABLE,AVAILABLE,AVAILABLE,UNAVAILABLE,AVAILABLE,UNAVAILABLE,UNAVAILABLE,AVAILABLE,AVAILABLE,AVAILABLE,AVAILABLE,AVAILABLE,AVAILABLE,UNAVAILABLE,AVAILABLE,AVAILABLE,AVAILABLE,UNAVAILABLE,AVAILABLE,UNAVAILABLE,UNAVAILABLE,UNAVAILABLE,UNAVAILABLE,AVAILABLE,AVAILABLE,UNAVAILABLE,AVAILABLE,UNAVAILABLE,AVAILABLE,UNAVAILABLE,AVAILABLE,AVAILABLE,AVAILABLE,UNAVAILABLE,UNAVAILABLE,AVAILABLE,UNAVAILABLE,UNAVAILABLE,AVAILABLE,UNAVAILABLE,AVAILABLE,AVAILABLE,AVAILABLE,AVAILABLE,AVAILABLE,AVAILABLE,AVAILABLE,AVAILABLE,AVAILABLE,AVAILABLE,AVAILABLE,AVAILABLE,AVAILABLE,AVAILABLE,AVAILABLE,AVAILABLE,AVAILABLE,AVAILABLE,AVAILABLE,AVAILABLE,AVAILABLE,AVAILABLE,AVAILABLE,AVAILABLE,AVAILABLE,AVAILABLE
14,,,student14@email.com,Student 14,,L14,F14,UNAVAILABLE,AVAILABLE,AVAILABLE,AVAILABLE,AVAILABLE,AVAILABLE,AVAILABLE,AVAILABLE,UNAVAILABLE,AVAILABLE,AVAILABLE,UNAVAILABLE,AVAILABLE,UNAVAILABLE,UNAVAILABLE,AVAILABLE,AVAILABLE,AVAILABLE,UNAVAILABLE,AVAILABLE,UNAVAILABLE,UNAVAILABLE,AVAILABLE,AVAILABLE,UNAVAILABLE,UNAVAILABLE,AVAILABLE,UNAVAILABLE,AVAILABLE,UNAVAILABLE,UNAVAILABLE,UNAVAILABLE,UNAVAILABLE,AVAILABLE,UNAVAILABLE,UNAVAILABLE,AVAILABLE,UNAVAILABLE,UNAVAILABLE,AVAILABLE,AVAILABLE,AVAILABLE,AVAILABLE,AVAILABLE,AVAILABLE,AVAILABLE,AVAILABLE,AVAILABLE,AVAILABLE,AVAILABLE,AVAILABLE,AVAILABLE,AVAILABLE,AVAILABLE,AVAILABLE,AVAILABLE,AVAILABLE,AVAILABLE,AVAILABLE,AVAILABLE,AVAILABLE,AVAILABLE,AVAILABLE,AVAILABLE,AVAILABLE,AVAILABLE,AVAILABLE
15,,,student15@email.com,Student 15,,L15,F15,AVAILABLE,UNAVAILABLE,AVAILABLE,AVAILABLE,AVAILABLE,AVAILABLE,UNAVAILABLE,UNAVAILABLE,UNAVAILABLE,UNAVAILABLE,UNAVAILABLE,AVAILABLE,UNAVAILABLE,UNAVAILABLE,AVAILABLE,AVAILABLE,AVAILABLE,UNAVAILABLE,AVAILABLE,UNAVAILABLE,UNAVAILABLE,UNAVAILABLE,UNAVAILABLE,AVAILABLE,AVAILABLE,UNAVAILABLE,AVAILABLE,AVAILABLE,AVAILABLE,AVAILABLE,AVAILABLE,AVAILABLE,AVAILABLE,UNAVAILABLE,UNAVAILABLE,AVAILABLE,UNAVAILABLE,UNAVAILABLE,AVAILABLE,UNAVAILABLE,UNAVAILABLE,AVAILABLE,AVAILABLE,AVAILABLE,AVAILABLE,AVAILABLE,AVAILABLE,AVAILABLE,AVAILABLE,AVAILABLE,AVAILABLE,AVAILABLE,AVAILABLE,AVAILABLE,AVAILABLE,AVAILABLE,AVAILABLE,AVAILABLE,AVAILABLE,AVAILABLE,AVAILABLE,AVAILABLE,AVAILABLE,AVAILABLE,AVAILABLE,AVAILABLE,AVAILABLE
16,,,student16@email.com,Student 16,,L16,F16,AVAILABLE,UNAVAILABLE,AVAILABLE,UNAVAILABLE,AVAILABLE,AVAILABLE,AVAILABLE,UNAVAILABLE,AVAILABLE,UNAVAILABLE,UNAVAILABLE,UNAVAILABLE,AVAILABLE,UNAVAILABLE,UNAVAILABLE,UNAVAILABLE,UNAVAILABLE,UNAVAILABLE,UNAVAILABLE,UNAVAILABLE,AVAILABLE,UNAVAILABLE,AVAILABLE,UNAVAILABLE,AVAILABLE,UNAVAILABLE,UNAVAILABLE,AVAILABLE,AVAILABLE,UNAVAILABLE,UNAVAILABLE,AVAILABLE,AVAILABLE,AVAILABLE,UNAVAILABLE,AVAILABLE,AVAILABLE,AVAILABLE,AVAILABLE,AVAILABLE,AVAILABLE,AVAILABLE,AVAILABLE,AVAILABLE,AVAILABLE,AVAILABLE,AVAILABLE,AVAILABLE,AVAILABLE,AVAILABLE,AVAILABLE,AVAILABLE,AVAILABLE,AVAILABLE,AVAILABLE,AVAILABLE,AVAILABLE,AVAILABLE,AVAILABLE,AVAILABLE,AVAILABLE,AVAILABLE,AVAILABLE,AVAILABLE,AVAILABLE,AVAILABLE,AVAILABLE
17,,,student17@email.com,Student 17,,L17,F17,AVAILABLE,UNAVAILABLE,UNAVAILABLE,AVAILABLE,UNAVAILABLE,UNAVAILABLE,UNAVAILABLE,AVAILABLE,UNAVAILABLE,AVAILABLE,AVAILABLE,UNAVAILABLE,AVAILABLE,UNAVAILABLE,UNAVAILABLE,UNAVAILABLE,AVAILABLE,UNAVAILABLE,UNAVAILABLE,AVAILABLE,AVAILABLE,UNAVAILABLE,AVAILABLE,AVAILABLE,UNAVAILABLE,AVAILABLE,UNAVAILABLE,AVAILABLE,UNAVAILABLE,AVAILABLE,AVAILABLE,AVAILABLE,UNAVAILABLE,AVAILABLE,AVAILABLE,UNAVAILABLE,AVAILABLE,AVAILABLE,AVAILABLE,UNAVAILABLE,AVAILABLE,AVAILABLE,AVAILABLE,UNAVAILABLE,AVAILABLE,AVAILABLE,AVAILABLE,AVAILABLE,AVAILABLE,AVAILABLE,AVAILABLE,AVAILABLE,AVAILABLE,AVAILABLE,AVAILABLE,AVAILABLE,AVAILABLE,AVAILABLE,AVAILABLE,AVAILABLE,AVAILABLE,AVAILABLE,AVAILABLE,AVAILABLE,AVAILABLE,AVAILABLE,AVAILABLE
18,,,student18@email.com,Student 18,,L18,F18,AVAILABLE,UNAVAILABLE,UNAVAILABLE,UNAVAILABLE,AVAILABLE,UNAVAILABLE,AVAILABLE,UNAVAILABLE,AVAILABLE,UNAVAILABLE,AVAILABLE,UNAVAILABLE,UNAVAILABLE,AVAILABLE,AVAILABLE,AVAILABLE,UNAVAILABLE,UNAVAILABLE,UNAVAILABLE,UNAVAILABLE,UNAVAILABLE,UNAVAILABLE,AVAILABLE,AVAILABLE,AVAILABLE,UNAVAILABLE,AVAILABLE,AVAILABLE,UNAVAILABLE,AVAILABLE,AVAILABLE,UNAVAILABLE,AVAILABLE,UNAVAILABLE,AVAILABLE,AVAILABLE,UNAVAILABLE,UNAVAILABLE,AVAILABLE,AVAILABLE,AVAILABLE,AVAILABLE,AVAILABLE,AVAILABLE,AVAILABLE,AVAILABLE,AVAILABLE,AVAILABLE,AVAILABLE,AVAILABLE,AVAILABLE,AVAILABLE,AVAILABLE,AVAILABLE,AVAILABLE,AVAILABLE,AVAILABLE,AVAILABLE,AVAILABLE,AVAILABLE,AVAILABLE,AVAILABLE,AVAILABLE,AVAILABLE,AVAILABLE,AVAILABLE,AVAILABLE
19,,,student19@email.com,Student 19,,L19,F19,AVAILABLE,UNAVAILABLE,UNAVAILABLE,AVAILABLE,AVAILABLE,UNAVAILABLE,AVAILABLE,AVAILABLE,UNAVAILABLE,AVAILABLE,UNAVAILABLE,UNAVAILABLE,AVAILABLE,AVAILABLE,AVAILABLE,UNAVAILABLE,UNAVAILABLE,AVAILABLE,AVAILABLE,AVAILABLE,AVAILABLE,UNAVAILABLE,AVAILABLE,AVAILABLE,UNAVAILABLE,AVAILABLE,UNAVAILABLE,UNAVAILABLE,UNAVAILABLE,AVAILABLE,UNAVAILABLE,UNAVAILABLE,UNAVAILABLE,UNAVAILABLE,AVAILABLE,AVAILABLE,AVAILABLE,UNAVAILABLE,AVAILABLE,AVAILABLE,AVAILABLE,UNAVAILABLE,UNAVAILABLE,AVAILABLE,AVAILABLE,AVAILABLE,AVAILABLE,AVAILABLE,AVAILABLE,AVAILABLE,AVAILABLE,AVAILABLE,AVAILABLE,AVAILABLE,AVAILABLE,AVAILABLE,AVAILABLE,AVAILABLE,AVAILABLE,AVAILABLE,AVAILABLE,AVAILABLE,AVAILABLE,AVAILABLE,AVAILABLE,AVAILABLE,AVAILABLE
20,,,student20@email.com,Student 20,,L20,F20,UNAVAILABLE,UNAVAILABLE,AVAILABLE,MUST-HAVE,UNAVAILABLE,AVAILABLE,UNAVAILABLE,AVAILABLE,AVAILABLE,UNAVAILABLE,AVAILABLE,UNAVAILABLE,UNAVAILABLE,AVAILABLE,AVAILABLE,AVAILABLE,UNAVAILABLE,AVAILABLE,UNAVAILABLE,UNAVAILABLE,AVAILABLE,UNAVAILABLE,UNAVAILABLE,AVAILABLE,AVAILABLE,AVAILABLE,AVAILABLE,UNAVAILABLE,AVAILABLE,UNAVAILABLE,UNAVAILABLE,AVAILABLE,AVAILABLE,AVAILABLE,UNAVAILABLE,AVAILABLE,AVAILABLE,UNAVAILABLE,UNAVAILABLE,UNAVAILABLE,AVAILABLE,UNAVAILABLE,AVAILABLE,AVAILABLE,AVAILABLE,AVAILABLE,AVAILABLE,AVAILABLE,AVAILABLE,AVAILABLE,AVAILABLE,AVAILABLE,AVAILABLE,AVAILABLE,AVAILABLE,AVAILABLE,AVAILABLE,AVAILABLE,AVAILABLE,AVAILABLE,AVAILABLE,AVAILABLE,AVAILABLE,AVAILABLE,AVAILABLE,AVAILABLE,AVAILABLE
21,,,student21@email.com,Student 21,,L21,F21,AVAILABLE,AVAILABLE,AVAILABLE,AVAILABLE,AVAILABLE,AVAILABLE,AVAILABLE,UNAVAILABLE,UNAVAILABLE,AVAILABLE,AVAILABLE,UNAVAILABLE,UNAVAILABLE,MUST-HAVE,UNAVAILABLE,UNAVAILABLE,AVAILABLE,AVAILABLE,UNAVAILABLE,AVAILABLE,AVAILABLE,AVAILABLE,UNAVAILABLE,AVAILABLE,AVAILABLE,UNAVAILABLE,AVAILABLE,UNAVAILABLE,UNAVAILABLE,AVAILABLE,UNAVAILABLE,AVAILABLE,AVAILABLE,UNAVAILABLE,UNAVAILABLE,AVAILABLE,AVAILABLE,AVAILABLE,UNAVAILABLE,UNAVAILABLE,AVAILABLE,AVAILABLE,AVAILABLE,AVAILABLE,UNAVAILABLE,UNAVAILABLE,UNAVAILABLE,AVAILABLE,AVAILABLE,UNAVAILABLE,AVAILABLE,AVAILABLE,AVAILABLE,AVAILABLE,AVAILABLE,AVAILABLE,AVAILABLE,AVAILABLE,AVAILABLE,AVAILABLE,AVAILABLE,AVAILABLE,AVAILABLE,AVAILABLE,AVAILABLE,AVAILABLE,AVAILABLE
22,,,student22@email.com,Student 22,,L22,F22,UNAVAILABLE,AVAILABLE,UNAVAILABLE,UNAVAILABLE,UNAVAILABLE,UNAVAILABLE,AVAILABLE,AVAILABLE,UNAVAILABLE,UNAVAILABLE,UNAVAILABLE,AVAILABLE,UNAVAILABLE,UNAVAILABLE,UNAVAILABLE,AVAILABLE,AVAILABLE,AVAILABLE,UNAVAILABLE,AVAILABLE,UNAVAILABLE,AVAILABLE,UNAVAILABLE,UNAVAILABLE,AVAILABLE,AVAILABLE,AVAILABLE,UNAVAILABLE,UNAVAILABLE,UNAVAILABLE,AVAILABLE,AVAILABLE,UNAVAILABLE,UNAVAILABLE,AVAILABLE,AVAILABLE,AVAILABLE,AVAILABLE,AVAILABLE,AVAILABLE,AVAILABLE,AVAILABLE,AVAILABLE,AVAILABLE,AVAILABLE,AVAILABLE,AVAILABLE,AVAILABLE,AVAILABLE,AVAILABLE,AVAILABLE,AVAILABLE,AVAILABLE,AVAILABLE,AVAILABLE,AVAILABLE,AVAILABLE,AVAILABLE,AVAILABLE,AVAILABLE,AVAILABLE,AVAILABLE,AVAILABLE,AVAILABLE,AVAILABLE,AVAILABLE,AVAILABLE
23,,,student23@email.com,Student 23,,L23,F23,UNAVAILABLE,AVAILABLE,UNAVAILABLE,AVAILABLE,AVAILABLE,UNAVAILABLE,AVAILABLE,UNAVAILABLE,AVAILABLE,AVAILABLE,AVAILABLE,AVAILABLE,UNAVAILABLE,UNAVAILABLE,UNAVAILABLE,UNAVAILABLE,AVAILABLE,UNAVAILABLE,AVAILABLE,UNAVAILABLE,AVAILABLE,AVAILABLE,AVAILABLE,UNAVAILABLE,UNAVAILABLE,AVAILABLE,UNAVAILABLE,UNAVAILABLE,UNAVAILABLE,UNAVAILABLE,UNAVAILABLE,UNAVAILABLE,AVAILABLE,UNAVAILABLE,UNAVAILABLE,AVAILABLE,AVAILABLE,AVAILABLE,AVAILABLE,AVAILABLE,AVAILABLE,AVAILABLE,AVAILABLE,AVAILABLE,AVAILABLE,AVAILABLE,AVAILABLE,AVAILABLE,AVAILABLE,AVAILABLE,AVAILABLE,AVAILABLE,AVAILABLE,AVAILABLE,AVAILABLE,AVAILABLE,AVAILABLE,AVAILABLE,AVAILABLE,AVAILABLE,AVAILABLE,AVAILABLE,AVAILABLE,AVAILABLE,AVAILABLE,AVAILABLE,AVAILABLE
24,,,student24@email.com,Student 24,,L24,F24,AVAILABLE,UNAVAILABLE,AVAILABLE,AVAILABLE,UNAVAILABLE,UNAVAILABLE,UNAVAILABLE,AVAILABLE,UNAVAILABLE,UNAVAILABLE,AVAILABLE,UNAVAILABLE,UNAVAILABLE,UNAVAILABLE,AVAILABLE,AVAILABLE,UNAVAILABLE,AVAILABLE,UNAVAILABLE,AVAILABLE,AVAILABLE,AVAILABLE,AVAILABLE,AVAILABLE,AVAILABLE,UNAVAILABLE,UNAVAILABLE,AVAILABLE,AVAILABLE,AVAILABLE,AVAILABLE,AVAILABLE,AVAILABLE,UNAVAILABLE,UNAVAILABLE,AVAILABLE,UNAVAILABLE,UNAVAILABLE,UNAVAILABLE,AVAILABLE,AVAILABLE,AVAILABLE,AVAILABLE,UNAVAILABLE,UNAVAILABLE,AVAILABLE,AVAILABLE,AVAILABLE,AVAILABLE,AVAILABLE,AVAILABLE,AVAILABLE,AVAILABLE,AVAILABLE,AVAILABLE,AVAILABLE,AVAILABLE,AVAILABLE,AVAILABLE,AVAILABLE,AVAILABLE,AVAILABLE,AVAILABLE,AVAILABLE,AVAILABLE,AVAILABLE,AVAILABLE
25,,,student25@email.com,Student 25,,L25,F25,UNAVAILABLE,AVAILABLE,AVAILABLE,AVAILABLE,AVAILABLE,AVAILABLE,UNAVAILABLE,UNAVAILABLE,AVAILABLE,UNAVAILABLE,UNAVAILABLE,AVAILABLE,AVAILABLE,AVAILABLE,AVAILABLE,AVAILABLE,UNAVAILABLE,UNAVAILABLE,UNAVAILABLE,AVAILABLE,UNAVAILABLE,AVAILABLE,UNAVAILABLE,AVAILABLE,UNAVAILABLE,UNAVAILABLE,UNAVAILABLE,AVAILABLE,UNAVAILABLE,UNAVAILABLE,AVAILABLE,UNAVAILABLE,UNAVAILABLE,UNAVAILABLE,UNAVAILABLE,UNAVAILABLE,AVAILABLE,AVAILABLE,AVAILABLE,AVAILABLE,AVAILABLE,AVAILABLE,AVAILABLE,AVAILABLE,AVAILABLE,AVAILABLE,AVAILABLE,AVAILABLE,AVAILABLE,AVAILABLE,AVAILABLE,AVAILABLE,AVAILABLE,AVAILABLE,AVAILABLE,AVAILABLE,AVAILABLE,AVAILABLE,AVAILABLE,AVAILABLE,AVAILABLE,AVAILABLE,AVAILABLE,AVAILABLE,AVAILABLE,AVAILABLE,AVAILABLE
26,,,student26@email.com,Student 26,,L26,F26,UNAVAILABLE,AVAILABLE,UNAVAILABLE,AVAILABLE,UNAVAILABLE,AVAILABLE,AVAILABLE,UNAVAILABLE,UNAVAILABLE,UNAVAILABLE,UNAVAILABLE,AVAILABLE,UNAVAILABLE,AVAILABLE,UNAVAILABLE,AVAILABLE,AVAILABLE,UNAVAILABLE,AVAILABLE,AVAILABLE,UNAVAILABLE,AVAILABLE,UNAVAILABLE,AVAILABLE,AVAILABLE,AVAILABLE,AVAILABLE,UNAVAILABLE,UNAVAILABLE,AVAILABLE,UNAVAILABLE,UNAVAILABLE,AVAILABLE,AVAILABLE,AVAILABLE,AVAILABLE,UNAVAILABLE,AVAILABLE,UNAVAILABLE,UNAVAILABLE,AVAILABLE,UNAVAILABLE,AVAILABLE,AVAILABLE,AVAILABLE,AVAILABLE,AVAILABLE,AVAILABLE,AVAILABLE,AVAILABLE,AVAILABLE,AVAILABLE,AVAILABLE,AVAILABLE,AVAILABLE,AVAILABLE,AVAILABLE,AVAILABLE,AVAILABLE,AVAILABLE,AVAILABLE,AVAILABLE,AVAILABLE,AVAILABLE,AVAILABLE,AVAILABLE,AVAILABLE
27,,,student27@email.com,Student 27,,L27,F27,AVAILABLE,AVAILABLE,AVAILABLE,AVAILABLE,UNAVAILABLE,AVAILABLE,AVAILABLE,UNAVAILABLE,AVAILABLE,AVAILABLE,UNAVAILABLE,UNAVAILABLE,AVAILABLE,UNAVAILABLE,AVAILABLE,AVAILABLE,AVAILABLE,AVAILABLE,AVAILABLE,UNAVAILABLE,AVAILABLE,UNAVAILABLE,UNAVAILABLE,AVAILABLE,AVAILABLE,UNAVAILABLE,UNAVAILABLE,AVAILABLE,AVAILABLE,AVAILABLE,UNAVAILABLE,AVAILABLE,UNAVAILABLE,AVAILABLE,UNAVAILABLE,AVAILABLE,AVAILABLE,AVAILABLE,UNAVAILABLE,UNAVAILABLE,UNAVAILABLE,AVAILABLE,UNAVAILABLE,AVAILABLE,UNAVAILABLE,UNAVAILABLE,UNAVAILABLE,AVAILABLE,AVAILABLE,AVAILABLE,AVAILABLE,AVAILABLE,AVAILABLE,AVAILABLE,AVAILABLE,AVAILABLE,AVAILABLE,AVAILABLE,AVAILABLE,AVAILABLE,AVAILABLE,AVAILABLE,AVAILABLE,AVAILABLE,AVAILABLE,AVAILABLE,AVAILABLE
28,,,student28@email.com,Student 28,,L28,F28,AVAILABLE,AVAILABLE,UNAVAILABLE,UNAVAILABLE,UNAVAILABLE,UNAVAILABLE,UNAVAILABLE,AVAILABLE,UNAVAILABLE,UNAVAILABLE,UNAVAILABLE,AVAILABLE,UNAVAILABLE,AVAILABLE,UNAVAILABLE,AVAILABLE,AVAILABLE,UNAVAILABLE,AVAILABLE,UNAVAILABLE,UNAVAILABLE,AVAILABLE,UNAVAILABLE,UNAVAILABLE,UNAVAILABLE,AVAILABLE,UNAVAILABLE,UNAVAILABLE,AVAILABLE,UNAVAILABLE,UNAVAILABLE,AVAILABLE,AVAILABLE,AVAILABLE,AVAILABLE,AVAILABLE,AVAILABLE,AVAILABLE,AVAILABLE,AVAILABLE,AVAILABLE,AVAILABLE,AVAILABLE,AVAILABLE,AVAILABLE,AVAILABLE,AVAILABLE,AVAILABLE,AVAILABLE,AVAILABLE,AVAILABLE,AVAILABLE,AVAILABLE,AVAILABLE,AVAILABLE,AVAILABLE,AVAILABLE,AVAILABLE,AVAILABLE,AVAILABLE,AVAILABLE,AVAILABLE,AVAILABLE,AVAILABLE,AVAILABLE,AVAILABLE,AVAILABLE
29,,,student29@email.com,Student 29,,L29,F29,AVAILABLE,AVAILABLE,UNAVAILABLE,AVAILABLE,UNAVAILABLE,UNAVAILABLE,AVAILABLE,AVAILABLE,UNAVAILABLE,UNAVAILABLE,UNAVAILABLE,UNAVAILABLE,AVAILABLE,AVAILABLE,UNAVAILABLE,UNAVAILABLE,AVAILABLE,AVAILABLE,UNAVAILABLE,AVAILABLE,UNAVAILABLE,UNAVAILABLE,AVAILABLE,UNAVAILABLE,AVAILABLE,UNAVAILABLE,UNAVAILABLE,UNAVAILABLE,AVAILABLE,UNAVAILABLE,UNAVAILABLE,UNAVAILABLE,UNAVAILABLE,AVAILABLE,AVAILABLE,AVAILABLE,AVAILABLE,AVAILABLE,AVAILABLE,AVAILABLE,AVAILABLE,AVAILABLE,AVAILABLE,AVAILABLE,AVAILABLE,AVAILABLE,AVAILABLE,AVAILABLE,AVAILABLE,AVAILABLE,AVAILABLE,AVAILABLE,AVAILABLE,AVAILABLE,AVAILABLE,AVAILABLE,AVAILABLE,AVAILABLE,AVAILABLE,AVAILABLE,AVAILABLE,AVAILABLE,AVAILABLE,AVAILABLE,AVAILABLE,AVAILABLE,AVAILABLE
30,,,student30@email.com,Student 30,,L30,F30,UNAVAILABLE,UNAVAILABLE,UNAVAILABLE,AVAILABLE,AVAILABLE,AVAILABLE,UNAVAILABLE,AVAILABLE,UNAVAILABLE,AVAILABLE,UNAVAILABLE,AVAILABLE,AVAILABLE,UNAVAILABLE,AVAILABLE,UNAVAILABLE,AVAILABLE,UNAVAILABLE,AVAILABLE,AVAILABLE,AVAILABLE,UNAVAILABLE,AVAILABLE,AVAILABLE,UNAVAILABLE,AVAILABLE,UNAVAILABLE,UNAVAILABLE,AVAILABLE,UNAVAILABLE,UNAVAILABLE,UNAVAILABLE,UNAVAILABLE,AVAILABLE,UNAVAILABLE,UNAVAILABLE,UNAVAILABLE,AVAILABLE,AVAILABLE,AVAILABLE,AVAILABLE,AVAILABLE,AVAILABLE,AVAILABLE,AVAILABLE,AVAILABLE,AVAILABLE,AVAILABLE,AVAILABLE,AVAILABLE,AVAILABLE,AVAILABLE,AVAILABLE,AVAILABLE,AVAILABLE,AVAILABLE,AVAILABLE,AVAILABLE,AVAILABLE,AVAILABLE,AVAILABLE,AVAILABLE,AVAILABLE,AVAILABLE,AVAILABLE,AVAILABLE,AVAILABLE
31,,,student31@email.com,Student 31,,L31,F31,UNAVAILABLE,AVAILABLE,AVAILABLE,UNAVAILABLE,UNAVAILABLE,AVAILABLE,UNAVAILABLE,UNAVAILABLE,AVAILABLE,UNAVAILABLE,UNAVAILABLE,UNAVAILABLE,UNAVAILABLE,AVAILABLE,UNAVAILABLE,AVAILABLE,AVAILABLE,AVAILABLE,UNAVAILABLE,UNAVAILABLE,AVAILABLE,UNAVAILABLE,AVAILABLE,AVAILABLE,UNAVAILABLE,AVAILABLE,AVAILABLE,AVAILABLE,UNAVAILABLE,UNAVAILABLE,UNAVAILABLE,UNAVAILABLE,UNAVAILABLE,UNAVAILABLE,AVAILABLE,AVAILABLE,AVAILABLE,AVAILABLE,AVAILABLE,AVAILABLE,AVAILABLE,AVAILABLE,AVAILABLE,AVAILABLE,AVAILABLE,AVAILABLE,AVAILABLE,AVAILABLE,AVAILABLE,AVAILABLE,AVAILABLE,AVAILABLE,AVAILABLE,AVAILABLE,AVAILABLE,AVAILABLE,AVAILABLE,AVAILABLE,AVAILABLE,AVAILABLE,AVAILABLE,AVAILABLE,AVAILABLE,AVAILABLE,AVAILABLE,AVAILABLE,AVAILABLE
32,,,student32@email.com,Student 32,,L32,F32,UNAVAILABLE,UNAVAILABLE,UNAVAILABLE,UNAVAILABLE,UNAVAILABLE,AVAILABLE,UNAVAILABLE,UNAVAILABLE,UNAVAILABLE,UNAVAILABLE,AVAILABLE,AVAILABLE,AVAILABLE,UNAVAILABLE,UNAVAILABLE,AVAILABLE,UNAVAILABLE,AVAILABLE,AVAILABLE,AVAILABLE,AVAILABLE,AVAILABLE,UNAVAILABLE,AVAILABLE,UNAVAILABLE,AVAILABLE,AVAILABLE,AVAILABLE,UNAVAILABLE,UNAVAILABLE,AVAILABLE,UNAVAILABLE,AVAILABLE,AVAILABLE,AVAILABLE,AVAILABLE,UNAVAILABLE,UNAVAILABLE,UNAVAILABLE,AVAILABLE,AVAILABLE,AVAILABLE,AVAILABLE,AVAILABLE,AVAILABLE,AVAILABLE,AVAILABLE,AVAILABLE,AVAILABLE,AVAILABLE,AVAILABLE,AVAILABLE,AVAILABLE,AVAILABLE,AVAILABLE,AVAILABLE,AVAILABLE,AVAILABLE,AVAILABLE,AVAILABLE,AVAILABLE,AVAILABLE,AVAILABLE,AVAILABLE,AVAILABLE,AVAILABLE,AVAILABLE
33,,,student33@email.com,Student 33,,L33,F33,AVAILABLE,UNAVAILABLE,UNAVAILABLE,AVAILABLE,UNAVAILABLE,AVAILABLE,AVAILABLE,AVAILABLE,UNAVAILABLE,AVAILABLE,AVAILABLE,UNAVAILABLE,UNAVAILABLE,UNAVAILABLE,AVAILABLE,AVAILABLE,AVAILABLE,AVAILABLE,AVAILABLE,UNAVAILABLE,UNAVAILABLE,UNAVAILABLE,UNAVAILABLE,UNAVAILABLE,UNAVAILABLE,UNAVAILABLE,UNAVAILABLE,UNAVAILABLE,UNAVAILABLE,UNAVAILABLE,AVAILABLE,AVAILABLE,AVAILABLE,UNAVAILABLE,UNAVAILABLE,AVAILABLE,AVAILABLE,AVAILABLE,AVAILABLE,AVAILABLE,AVAILABLE,AVAILABLE,AVAILABLE,AVAILABLE,AVAILABLE,AVAILABLE,AVAILABLE,AVAILABLE,AVAILABLE,AVAILABLE,AVAILABLE,AVAILABLE,AVAILABLE,AVAILABLE,AVAILABLE,AVAILABLE,AVAILABLE,AVAILABLE,AVAILABLE,AVAILABLE,AVAILABLE,AVAILABLE,AVAILABLE,AVAILABLE,AVAILABLE,AVAILABLE,AVAILABLE
34,,,student34@email.com,Student 34,,L34,F34,AVAILABLE,UNAVAILABLE,AVAILABLE,AVAILABLE,AVAILABLE,AVAILABLE,UNAVAILABLE,UNAVAILABLE,UNAVAILABLE,UNAVAILABLE,AVAILABLE,AVAILABLE,AVAILABLE,AVAILABLE,AVAILABLE,AVAILABLE,AVAILABLE,UNAVAILABLE,UNAVAILABLE,AVAILABLE,UNAVAILABLE,UNAVAILABLE,UNAVAILABLE,AVAILABLE,AVAILABLE,AVAILABLE,AVAILABLE,AVAILABLE,AVAILABLE,UNAVAILABLE,AVAILABLE,AVAILABLE,UNAVAILABLE,UNAVAILABLE,AVAILABLE,AVAILABLE,AVAILABLE,AVAILABLE,UNAVAILABLE,AVAILABLE,AVAILABLE,UNAVAILABLE,AVAILABLE,UNAVAILABLE,AVAILABLE,UNAVAILABLE,UNAVAILABLE,AVAILABLE,UNAVAILABLE,UNAVAILABLE,AVAILABLE,AVAILABLE,AVAILABLE,AVAILABLE,AVAILABLE,AVAILABLE,AVAILABLE,AVAILABLE,AVAILABLE,AVAILABLE,AVAILABLE,AVAILABLE,AVAILABLE,AVAILABLE,AVAILABLE,AVAILABLE,AVAILABLE
35,,,student35@email.com,Student 35,,L35,F35,AVAILABLE,UNAVAILABLE,AVAILABLE,UNAVAILABLE,UNAVAILABLE,AVAILABLE,AVAILABLE,UNAVAILABLE,UNAVAILABLE,AVAILABLE,UNAVAILABLE,UNAVAILABLE,AVAILABLE,UNAVAILABLE,AVAILABLE,AVAILABLE,UNAVAILABLE,AVAILABLE,UNAVAILABLE,UNAVAILABLE,UNAVAILABLE,UNAVAILABLE,AVAILABLE,UNAVAILABLE,AVAILABLE,AVAILABLE,AVAILABLE,AVAILABLE,UNAVAILABLE,AVAILABLE,UNAVAILABLE,AVAILABLE,AVAILABLE,UNAVAILABLE,UNAVAILABLE,UNAVAILABLE,AVAILABLE,UNAVAILABLE,AVAILABLE,AVAILABLE,AVAILABLE,AVAILABLE,AVAILABLE,AVAILABLE,AVAILABLE,AVAILABLE,AVAILABLE,AVAILABLE,AVAILABLE,AVAILABLE,AVAILABLE,AVAILABLE,AVAILABLE,AVAILABLE,AVAILABLE,AVAILABLE,AVAILABLE,AVAILABLE,AVAILABLE,AVAILABLE,AVAILABLE,AVAILABLE,AVAILABLE,AVAILABLE,AVAILABLE,AVAILABLE,AVAILABLE
36,,,student36@email.com,Student 36,,L36,F36,AVAILABLE,AVAILABLE,UNAVAILABLE,AVAILABLE,UNAVAILABLE,AVAILABLE,AVAILABLE,UNAVAILABLE,UNAVAILABLE,AVAILABLE,AVAILABLE,AVAILABLE,UNAVAILABLE,AVAILABLE,AVAILABLE,UNAVAILABLE,UNAVAILABLE,AVAILABLE,AVAILABLE,AVAILABLE,UNAVAILABLE,UNAVAILABLE,AVAILABLE,AVAILABLE,UNAVAILABLE,AVAILABLE,AVAILABLE,AVAILABLE,AVAILABLE,UNAVAILABLE,AVAILABLE,AVAILABLE,AVAILABLE,AVAILABLE,UNAVAILABLE,AVAILABLE,AVAILABLE,UNAVAILABLE,AVAILABLE,AVAILABLE,UNAVAILABLE,AVAILABLE,AVAILABLE,AVAILABLE,UNAVAILABLE,AVAILABLE,UNAVAILABLE,UNAVAILABLE,AVAILABLE,AVAILABLE,AVAILABLE,AVAILABLE,UNAVAILABLE,UNAVAILABLE,AVAILABLE,UNAVAILABLE,AVAILABLE,AVAILABLE,AVAILABLE,AVAILABLE,AVAILABLE,AVAILABLE,AVAILABLE,AVAILABLE,AVAILABLE,AVAILABLE,AVAILABLE
37,,,student37@email.com,Student 37,,L37,F37,UNAVAILABLE,AVAILABLE,UNAVAILABLE,AVAILABLE,AVAILABLE,AVAILABLE,AVAILABLE,AVAILABLE,AVAILABLE,UNAVAILABLE,AVAILABLE,AVAILABLE,UNAVAILABLE,UNAVAILABLE,AVAILABLE,UNAVAILABLE,UNAVAILABLE,UNAVAILABLE,AVAILABLE,UNAVAILABLE,UNAVAILABLE,UNAVAILABLE,UNAVAILABLE,AVAILABLE,AVAILABLE,UNAVAILABLE,UNAVAILABLE,AVAILABLE,UNAVAILABLE,UNAVAILABLE,UNAVAILABLE,AVAILABLE,AVAILABLE,AVAILABLE,AVAILABLE,UNAVAILABLE,UNAVAILABLE,UNAVAILABLE,AVAILABLE,AVAILABLE,AVAILABLE,AVAILABLE,AVAILABLE,AVAILABLE,AVAILABLE,AVAILABLE,AVAILABLE,AVAILABLE,AVAILABLE,AVAILABLE,AVAILABLE,AVAILABLE,AVAILABLE,AVAILABLE,AVAILABLE,AVAILABLE,AVAILABLE,AVAILABLE,AVAILABLE,AVAILABLE,AVAILABLE,AVAILABLE,AVAILABLE,AVAILABLE,AVAILABLE,AVAILABLE,AVAILABLE
38,,,student38@email.com,Student 38,,L38,F38,UNAVAILABLE,AVAILABLE,UNAVAILABLE,UNAVAILABLE,AVAILABLE,AVAILABLE,AVAILABLE,UNAVAILABLE,AVAILABLE,UNAVAILABLE,AVAILABLE,AVAILABLE,UNAVAILABLE,AVAILABLE,AVAILABLE,UNAVAILABLE,UNAVAILABLE,UNAVAILABLE,UNAVAILABLE,AVAILABLE,UNAVAILABLE,AVAILABLE,UNAVAILABLE,UNAVAILABLE,UNAVAILABLE,UNAVAILABLE,UNAVAILABLE,UNAVAILABLE,AVAILABLE,AVAILABLE,UNAVAILABLE,AVAILABLE,UNAVAILABLE,AVAILABLE,AVAILABLE,UNAVAILABLE,AVAILABLE,AVAILABLE,AVAILABLE,AVAILABLE,AVAILABLE,AVAILABLE,AVAILABLE,AVAILABLE,AVAILABLE,AVAILABLE,AVAILABLE,AVAILABLE,AVAILABLE,AVAILABLE,AVAILABLE,AVAILABLE,AVAILABLE,AVAILABLE,AVAILABLE,AVAILABLE,AVAILABLE,AVAILABLE,AVAILABLE,AVAILABLE,AVAILABLE,AVAILABLE,AVAILABLE,AVAILABLE,AVAILABLE,AVAILABLE,AVAILABLE
39,,,student39@email.com,Student 39,,L39,F39,AVAILABLE,UNAVAILABLE,AVAILABLE,UNAVAILABLE,AVAILABLE,UNAVAILABLE,AVAILABLE,UNAVAILABLE,UNAVAILABLE,UNAVAILABLE,AVAILABLE,AVAILABLE,AVAILABLE,UNAVAILABLE,UNAVAILABLE,UNAVAILABLE,UNAVAILABLE,AVAILABLE,UNAVAILABLE,UNAVAILABLE,UNAVAILABLE,UNAVAILABLE,AVAILABLE,AVAILABLE,UNAVAILABLE,AVAILABLE,UNAVAILABLE,UNAVAILABLE,UNAVAILABLE,AVAILABLE,UNAVAILABLE,AVAILABLE,AVAILABLE,UNAVAILABLE,AVAILABLE,AVAILABLE,AVAILABLE,AVAILABLE,AVAILABLE,AVAILABLE,AVAILABLE,AVAILABLE,AVAILABLE,AVAILABLE,AVAILABLE,AVAILABLE,AVAILABLE,AVAILABLE,AVAILABLE,AVAILABLE,AVAILABLE,AVAILABLE,AVAILABLE,AVAILABLE,AVAILABLE,AVAILABLE,AVAILABLE,AVAILABLE,AVAILABLE,AVAILABLE,AVAILABLE,AVAILABLE,AVAILABLE,AVAILABLE,AVAILABLE,AVAILABLE,AVAILABLE
40,,,student40@email.com,Student 40,,L40,F40,UNAVAILABLE,AVAILABLE,UNAVAILABLE,UNAVAILABLE,AVAILABLE,AVAILABLE,AVAILABLE,AVAILABLE,UNAVAILABLE,AVAILABLE,AVAILABLE,UNAVAILABLE,UNAVAILABLE,UNAVAILABLE,UNAVAILABLE,UNAVAILABLE,UNAVAILABLE,AVAILABLE,AVAILABLE,UNAVAILABLE,UNAVAILABLE,AVAILABLE,UNAVAILABLE,AVAILABLE,AVAILABLE,AVAILABLE,UNAVAILABLE,UNAVAILABLE,UNAVAILABLE,AVAILABLE,UNAVAILABLE,AVAILABLE,UNAVAILABLE,AVAILABLE,AVAILABLE,UNAVAILABLE,AVAILABLE,AVAILABLE,UNAVAILABLE,AVAILABLE,AVAILABLE,AVAILABLE,AVAILABLE,AVAILABLE,AVAILABLE,AVAILABLE,AVAILABLE,AVAILABLE,AVAILABLE,AVAILABLE,AVAILABLE,AVAILABLE,AVAILABLE,AVAILABLE,AVAILABLE,AVAILABLE,AVAILABLE,AVAILABLE,AVAILABLE,AVAILABLE,AVAILABLE,AVAILABLE,AVAILABLE,AVAILABLE,AVAILABLE,AVAILABLE,AVAILABLE
41,,,student41@email.com,Student 41,,L41,F41,AVAILABLE,AVAILABLE,AVAILABLE,AVAILABLE,UNAVAILABLE,AVAILABLE,UNAVAILABLE,UNAVAILABLE,UNAVAILABLE,UNAVAILABLE,AVAILABLE,UNAVAILABLE,UNAVAILABLE,AVAILABLE,AVAILABLE,UNAVAILABLE,AVAILABLE,UNAVAILABLE,AVAILABLE,UNAVAILABLE,UNAVAILABLE,AVAILABLE,UNAVAILABLE,AVAILABLE,UNAVAILABLE,AVAILABLE,UNAVAILABLE,AVAILABLE,UNAVAILABLE,UNAVAILABLE,UNAVAILABLE,AVAILABLE,AVAILABLE,AVAILABLE,UNAVAILABLE,AVAILABLE,UNAVAILABLE,UNAVAILABLE,AVAILABLE,AVAILABLE,AVAILABLE,AVAILABLE,AVAILABLE,AVAILABLE,AVAILABLE,AVAILABLE,AVAILABLE,AVAILABLE,AVAILABLE,AVAILABLE,AVAILABLE,AVAILABLE,AVAILABLE,AVAILABLE,AVAILABLE,AVAILABLE,AVAILABLE,AVAILABLE,AVAILABLE,AVAILABLE,AVAILABLE,AVAILABLE,AVAILABLE,AVAILABLE,AVAILABLE,AVAILABLE,AVAILABLE
42,,,student42@email.com,Student 42,,L42,F42,UNAVAILABLE,AVAILABLE,AVAILABLE,UNAVAILABLE,UNAVAILABLE,UNAVAILABLE,UNAVAILABLE,UNAVAILABLE,UNAVAILABLE,UNAVAILABLE,AVAILABLE,UNAVAILABLE,UNAVAILABLE,AVAILABLE,AVAILABLE,AVAILABLE,UNAVAILABLE,UNAVAILABLE,UNAVAILABLE,UNAVAILABLE,UNAVAILABLE,UNAVAILABLE,AVAILABLE,AVAILABLE,UNAVAILABLE,UNAVAILABLE,AVAILABLE,AVAILABLE,UNAVAILABLE,UNAVAILABLE,AVAILABLE,AVAILABLE,AVAILABLE,AVAILABLE,AVAILABLE,AVAILABLE,AVAILABLE,AVAILABLE,AVAILABLE,AVAILABLE,AVAILABLE,AVAILABLE,AVAILABLE,AVAILABLE,AVAILABLE,AVAILABLE,AVAILABLE,AVAILABLE,AVAILABLE,AVAILABLE,AVAILABLE,AVAILABLE,AVAILABLE,AVAILABLE,AVAILABLE,AVAILABLE,AVAILABLE,AVAILABLE,AVAILABLE,AVAILABLE,AVAILABLE,AVAILABLE,AVAILABLE,AVAILABLE,AVAILABLE,AVAILABLE,AVAILABLE
43,,,student43@email.com,Student 43,,L43,F43,UNAVAILABLE,AVAILABLE,AVAILABLE,UNAVAILABLE,UNAVAILABLE,AVAILABLE,AVAILABLE,UNAVAILABLE,AVAILABLE,AVAILABLE,AVAILABLE,AVAILABLE,AVAILABLE,AVAILABLE,AVAILABLE,UNAVAILABLE,UNAVAILABLE,UNAVAILABLE,UNAVAILABLE,AVAILABLE,UNAVAILABLE,AVAILABLE,AVAILABLE,AVAILABLE,UNAVAILABLE,UNAVAILABLE,AVAILABLE,AVAILABLE,UNAVAILABLE,AVAILABLE,AVAILABLE,AVAILABLE,UNAVAILABLE,UNAVAILABLE,AVAILABLE,AVAILABLE,UNAVAILABLE,AVAILABLE,UNAVAILABLE,AVAILABLE,AVAILABLE,AVAILABLE,UNAVAILABLE,AVAILABLE,AVAILABLE,UNAVAILABLE,UNAVAILABLE,UNAVAILABLE,AVAILABLE,AVAILABLE,AVAILABLE,AVAILABLE,AVAILABLE,AVAILABLE,AVAILABLE,AVAILABLE,AVAILABLE,AVAILABLE,AVAILABLE,AVAILABLE,AVAILABLE,AVAILABLE,AVAILABLE,AVAILABLE,AVAILABLE,AVAILABLE,AVAILABLE
44,,,student44@email.com,Student 44,,L44,F44,UNAVAILABLE,UNAVAILABLE,UNAVAILABLE,UNAVAILABLE,UNAVAILABLE,AVAILABLE,AVAILABLE,AVAILABLE,UNAVAILABLE,AVAILABLE,AVAILABLE,AVAILABLE,AVAILABLE,UNAVAILABLE,UNAVAILABLE,UNAVAILABLE,AVAILABLE,AVAILABLE,UNAVAILABLE,UNAVAILABLE,AVAILABLE,UNAVAILABLE,UNAVAILABLE,AVAILABLE,AVAILABLE,UNAVAILABLE,UNAVAILABLE,UNAVAILABLE,UNAVAILABLE,AVAILABLE,UNAVAILABLE,UNAVAILABLE,UNAVAILABLE,AVAILABLE,AVAILABLE,AVAILABLE,AVAILABLE,AVAILABLE,AVAILABLE,AVAILABLE,AVAILABLE,AVAILABLE,AVAILABLE,AVAILABLE,AVAILABLE,AVAILABLE,AVAILABLE,AVAILABLE,AVAILABLE,AVAILABLE,AVAILABLE,AVAILABLE,AVAILABLE,AVAILABLE,AVAILABLE,AVAILABLE,AVAILABLE,AVAILABLE,AVAILABLE,AVAILABLE,AVAILABLE,AVAILABLE,AVAILABLE,AVAILABLE,AVAILABLE,AVAILABLE,AVAILABLE
45,,,student45@email.com,Student 45,,L45,F45,UNAVAILABLE,AVAILABLE,AVAILABLE,AVAILABLE,AVAILABLE,UNAVAILABLE,AVAILABLE,AVAILABLE,AVAILABLE,UNAVAILABLE,UNAVAILABLE,AVAILABLE,AVAILABLE,UNAVAILABLE,UNAVAILABLE,UNAVAILABLE,UNAVAILABLE,AVAILABLE,AVAILABLE,AVAILABLE,UNAVAILABLE,UNAVAILABLE,AVAILABLE,AVAILABLE,AVAILABLE,AVAILABLE,UNAVAILABLE,AVAILABLE,UNAVAILABLE,AVAILABLE,UNAVAILABLE,AVAILABLE,AVAILABLE,UNAVAILABLE,UNAVAILABLE,UNAVAILABLE,AVAILABLE,AVAILABLE,AVAILABLE,UNAVAILABLE,AVAILABLE,UNAVAILABLE,AVAILABLE,UNAVAILABLE,UNAVAILABLE,AVAILABLE,AVAILABLE,AVAILABLE,AVAILABLE,AVAILABLE,AVAILABLE,AVAILABLE,AVAILABLE,AVAILABLE,AVAILABLE,AVAILABLE,AVAILABLE,AVAILABLE,AVAILABLE,AVAILABLE,AVAILABLE,AVAILABLE,AVAILABLE,AVAILABLE,AVAILABLE,AVAILABLE,AVAILABLE
46,,,student46@email.com,Student 46,,L46,F46,AVAILABLE,AVAILABLE,UNAVAILABLE,UNAVAILABLE,UNAVAILABLE,UNAVAILABLE,UNAVAILABLE,UNAVAILABLE,AVAILABLE,UNAVAILABLE,UNAVAILABLE,AVAILABLE,AVAILABLE,UNAVAILABLE,AVAILABLE,UNAVAILABLE,AVAILABLE,AVAILABLE,AVAILABLE,AVAILABLE,UNAVAILABLE,UNAVAILABLE,AVAILABLE,UNAVAILABLE,UNAVAILABLE,UNAVAILABLE,UNAVAILABLE,UNAVAILABLE,UNAVAILABLE,UNAVAILABLE,AVAILABLE,AVAILABLE,AVAILABLE,UNAVAILABLE,AVAILABLE,AVAILABLE,AVAILABLE,AVAILABLE,AVAILABLE,AVAILABLE,AVAILABLE,AVAILABLE,AVAILABLE,AVAILABLE,AVAILABLE,AVAILABLE,AVAILABLE,AVAILABLE,AVAILABLE,AVAILABLE,AVAILABLE,AVAILABLE,AVAILABLE,AVAILABLE,AVAILABLE,AVAILABLE,AVAILABLE,AVAILABLE,AVAILABLE,AVAILABLE,AVAILABLE,AVAILABLE,AVAILABLE,AVAILABLE,AVAILABLE,AVAILABLE,AVAILABLE
47,,,student47@email.com,Student 47,,L47,F47,UNAVAILABLE,UNAVAILABLE,UNAVAILABLE,AVAILABLE,UNAVAILABLE,AVAILABLE,UNAVAILABLE,UNAVAILABLE,AVAILABLE,UNAVAILABLE,UNAVAILABLE,UNAVAILABLE,UNAVAILABLE,UNAVAILABLE,AVAILABLE,AVAILABLE,AVAILABLE,AVAILABLE,UNAVAILABLE,UNAVAILABLE,UNAVAILABLE,UNAVAILABLE,AVAILABLE,AVAILABLE,AVAILABLE,AVAILABLE,UNAVAILABLE,UNAVAILABLE,UNAVAILABLE,AVAILABLE,AVAILABLE,UNAVAILABLE,AVAILABLE,AVAILABLE,UNAVAILABLE,AVAILABLE,AVAILABLE,AVAILABLE,AVAILABLE,AVAILABLE,AVAILABLE,AVAILABLE,AVAILABLE,AVAILABLE,AVAILABLE,AVAILABLE,AVAILABLE,AVAILABLE,AVAILABLE,AVAILABLE,AVAILABLE,AVAILABLE,AVAILABLE,AVAILABLE,AVAILABLE,AVAILABLE,AVAILABLE,AVAILABLE,AVAILABLE,AVAILABLE,AVAILABLE,AVAILABLE,AVAILABLE,AVAILABLE,AVAILABLE,AVAILABLE,AVAILABLE
48,,,student48@email.com,Student 48,,L48,F48,UNAVAILABLE,UNAVAILABLE,AVAILABLE,UNAVAILABLE,AVAILABLE,UNAVAILABLE,AVAILABLE,AVAILABLE,UNAVAILABLE,UNAVAILABLE,UNAVAILABLE,UNAVAILABLE,UNAVAILABLE,UNAVAILABLE,UNAVAILABLE,AVAILABLE,AVAILABLE,AVAILABLE,UNAVAILABLE,AVAILABLE,AVAILABLE,AVAILABLE,UNAVAILABLE,AVAILABLE,AVAILABLE,AVAILABLE,UNAVAILABLE,AVAILABLE,UNAVAILABLE,AVAILABLE,UNAVAILABLE,UNAVAILABLE,UNAVAILABLE,AVAILABLE,UNAVAILABLE,AVAILABLE,UNAVAILABLE,AVAILABLE,AVAILABLE,AVAILABLE,AVAILABLE,AVAILABLE,AVAILABLE,AVAILABLE,AVAILABLE,AVAILABLE,AVAILABLE,AVAILABLE,AVAILABLE,AVAILABLE,AVAILABLE,AVAILABLE,AVAILABLE,AVAILABLE,AVAILABLE,AVAILABLE,AVAILABLE,AVAILABLE,AVAILABLE,AVAILABLE,AVAILABLE,AVAILABLE,AVAILABLE,AVAILABLE,AVAILABLE,AVAILABLE,AVAILABLE
49,,,student49@email.com,Student 49,,L49,F49,AVAILABLE,UNAVAILABLE,AVAILABLE,AVAILABLE,AVAILABLE,AVAILABLE,AVAILABLE,UNAVAILABLE,UNAVAILABLE,AVAILABLE,UNAVAILABLE,AVAILABLE,AVAILABLE,UNAVAILABLE,UNAVAILABLE,UNAVAILABLE,UNAVAILABLE,AVAILABLE,UNAVAILABLE,UNAVAILABLE,UNAVAILABLE,AVAILABLE,UNAVAILABLE,AVAILABLE,AVAILABLE,UNAVAILABLE,AVAILABLE,AVAILABLE,UNAVAILABLE,UNAVAILABLE,AVAILABLE,AVAILABLE,UNAVAILABLE,AVAILABLE,AVAILABLE,AVAILABLE,UNAVAILABLE,AVAILABLE,AVAILABLE,UNAVAILABLE,UNAVAILABLE,AVAILABLE,UNAVAILABLE,AVAILABLE,AVAILABLE,AVAILABLE,AVAILABLE,AVAILABLE,AVAILABLE,AVAILABLE,AVAILABLE,AVAILABLE,AVAILABLE,AVAILABLE,AVAILABLE,AVAILABLE,AVAILABLE,AVAILABLE,AVAILABLE,AVAILABLE,AVAILABLE,AVAILABLE,AVAILABLE,AVAILABLE,AVAILABLE,AVAILABLE,AVAILABLE
50,,,student50@email.com,Student 50,,L50,F50,AVAILABLE,AVAILABLE,UNAVAILABLE,AVAILABLE,AVAILABLE,AVAILABLE,AVAILABLE,UNAVAILABLE,UNAVAILABLE,AVAILABLE,AVAILABLE,UNAVAILABLE,UNAVAILABLE,AVAILABLE,AVAILABLE,UNAVAILABLE,AVAILABLE,UNAVAILABLE,AVAILABLE,UNAVAILABLE,UNAVAILABLE,AVAILABLE,UNAVAILABLE,AVAILABLE,AVAILABLE,AVAILABLE,UNAVAILABLE,AVAILABLE,AVAILABLE,AVAILABLE,AVAILABLE,UNAVAILABLE,UNAVAILABLE,UNAVAILABLE,UNAVAILABLE,AVAILABLE,AVAILABLE,AVAILABLE,UNAVAILABLE,UNAVAILABLE,UNAVAILABLE,AVAILABLE,UNAVAILABLE,AVAILABLE,AVAILABLE,AVAILABLE,UNAVAILABLE,AVAILABLE,AVAILABLE,AVAILABLE,AVAILABLE,AVAILABLE,AVAILABLE,AVAILABLE,AVAILABLE,AVAILABLE,AVAILABLE,AVAILABLE,AVAILABLE,AVAILABLE,AVAILABLE,AVAILABLE,AVAILABLE,AVAILABLE,AVAILABLE,AVAILABLE,AVAILABLE
